{
    "rmse": 0.7379407457090468,
    "mae": 0.5910353486301053,
    "r2": 0.1783689122588752
}