{
    "rmse": 0.675788427462112,
    "mae": 0.5350574695572812,
    "r2": 0.24200830092661574
}