{
    "rmse": 0.6991035856095286,
    "mae": 0.5678003701434085,
    "r2": 0.25127980787851967
}